[
  {
    "id": "0eeb0132-423d-46f1-b35e-fa55430376b1",
    "data": [
      {
        "text": "feedback",
        "userDefined": false
      }
    ],
    "isTemplate": false,
    "count": 0,
    "lang": "it",
    "updated": 0
  },
  {
    "id": "d2a422f2-4bd1-41a6-9a12-8eabefa71be2",
    "data": [
      {
        "text": "migliorarmi",
        "userDefined": false
      }
    ],
    "isTemplate": false,
    "count": 0,
    "lang": "it",
    "updated": 0
  },
  {
    "id": "f23f1c39-032b-4c1c-9aa9-3fa8775debf4",
    "data": [
      {
        "text": "migliorare",
        "userDefined": false
      }
    ],
    "isTemplate": false,
    "count": 0,
    "lang": "it",
    "updated": 0
  },
  {
    "id": "d0b446e6-2348-4f72-b71e-eed029a4e991",
    "data": [
      {
        "text": "domande",
        "userDefined": false
      }
    ],
    "isTemplate": false,
    "count": 0,
    "lang": "it",
    "updated": 0
  },
  {
    "id": "9e648e8f-bfa0-4891-a6ce-13fac61b45af",
    "data": [
      {
        "text": "vai ",
        "userDefined": false
      },
      {
        "text": "al",
        "userDefined": false
      },
      {
        "text": " questionario",
        "userDefined": false
      }
    ],
    "isTemplate": false,
    "count": 0,
    "lang": "it",
    "updated": 0
  },
  {
    "id": "7b656fa1-ea37-4de1-8dd8-d0e77e07b530",
    "data": [
      {
        "text": "Questionario ❓",
        "userDefined": false
      }
    ],
    "isTemplate": false,
    "count": 0,
    "lang": "it",
    "updated": 0
  },
  {
    "id": "4f293282-4480-4d59-a3f7-c0bb953ae1a4",
    "data": [
      {
        "text": "Questionario",
        "userDefined": false
      }
    ],
    "isTemplate": false,
    "count": 0,
    "lang": "it",
    "updated": 0
  }
]