[
  {
    "id": "9584f18f-3327-41c3-aa3a-ba6e5bef5106",
    "data": [
      {
        "text": "si",
        "meta": "@Rapid_start",
        "alias": "Rapid_start",
        "userDefined": true
      }
    ],
    "isTemplate": false,
    "count": 0,
    "lang": "it",
    "updated": 0
  },
  {
    "id": "4bb4897c-f9cf-4f98-b475-ace6164bd02d",
    "data": [
      {
        "text": "avvia esercizio",
        "meta": "@Rapid_start",
        "alias": "Rapid_start",
        "userDefined": true
      }
    ],
    "isTemplate": false,
    "count": 0,
    "lang": "it",
    "updated": 0
  },
  {
    "id": "6d17e35c-ec49-437c-a64b-56fb40358ebd",
    "data": [
      {
        "text": "inizia l\u0027esercizio",
        "meta": "@Rapid_start",
        "alias": "Rapid_start",
        "userDefined": true
      }
    ],
    "isTemplate": false,
    "count": 0,
    "lang": "it",
    "updated": 0
  },
  {
    "id": "d9be317f-f540-416d-bcf1-8a59ad657730",
    "data": [
      {
        "text": "start practice",
        "meta": "@Rapid_start",
        "alias": "Rapid_start",
        "userDefined": true
      }
    ],
    "isTemplate": false,
    "count": 0,
    "lang": "it",
    "updated": 0
  },
  {
    "id": "597a49ff-d9f7-44da-b570-8e8e73ad1429",
    "data": [
      {
        "text": "start_practice",
        "meta": "@Rapid_start",
        "alias": "Rapid_start",
        "userDefined": true
      }
    ],
    "isTemplate": false,
    "count": 0,
    "lang": "it",
    "updated": 0
  },
  {
    "id": "4929c199-6bf9-4978-a2e2-cc7949d166cb",
    "data": [
      {
        "text": "esercizio",
        "meta": "@Rapid_start",
        "alias": "Rapid_start",
        "userDefined": true
      }
    ],
    "isTemplate": false,
    "count": 0,
    "lang": "it",
    "updated": 0
  }
]