[
  {
    "id": "ca4ebb7f-b481-4e65-ac6e-ac20bb21f3d1",
    "data": [
      {
        "text": "Si dai",
        "userDefined": false
      }
    ],
    "isTemplate": false,
    "count": 0,
    "lang": "it",
    "updated": 0
  },
  {
    "id": "4eee486a-22cb-46cf-b6b6-3eba5e105817",
    "data": [
      {
        "text": "Ovvio che si",
        "userDefined": false
      }
    ],
    "isTemplate": false,
    "count": 0,
    "lang": "it",
    "updated": 0
  },
  {
    "id": "8b3ba542-0b21-429e-ba89-0bb4f4467b72",
    "data": [
      {
        "text": "Certo che si",
        "userDefined": false
      }
    ],
    "isTemplate": false,
    "count": 0,
    "lang": "it",
    "updated": 0
  },
  {
    "id": "7de10cb0-3802-4a54-bf02-b9c2db9cd286",
    "data": [
      {
        "text": "Ovviamente",
        "userDefined": false
      }
    ],
    "isTemplate": false,
    "count": 0,
    "lang": "it",
    "updated": 0
  },
  {
    "id": "b5cc7757-0861-4225-bba9-490e8c47706d",
    "data": [
      {
        "text": "Ovvio",
        "userDefined": false
      }
    ],
    "isTemplate": false,
    "count": 0,
    "lang": "it",
    "updated": 0
  },
  {
    "id": "4cd6ea54-4d94-48ab-b6d5-53b623be3add",
    "data": [
      {
        "text": "Certo",
        "userDefined": false
      }
    ],
    "isTemplate": false,
    "count": 0,
    "lang": "it",
    "updated": 0
  },
  {
    "id": "f7b4fa48-28a4-4399-a59e-361583a6473a",
    "data": [
      {
        "text": "si vai avanti",
        "userDefined": false
      }
    ],
    "isTemplate": false,
    "count": 0,
    "lang": "it",
    "updated": 0
  },
  {
    "id": "90b62cf6-80b6-49e4-b186-8f9a22f9aa9f",
    "data": [
      {
        "text": "si avanti",
        "userDefined": false
      }
    ],
    "isTemplate": false,
    "count": 0,
    "lang": "it",
    "updated": 0
  },
  {
    "id": "79cedea0-6a1e-48ff-8651-fa62a584ba1f",
    "data": [
      {
        "text": "si",
        "userDefined": false
      }
    ],
    "isTemplate": false,
    "count": 0,
    "lang": "it",
    "updated": 0
  },
  {
    "id": "48c37033-fb61-4bfc-a3ef-43d4d2f9e104",
    "data": [
      {
        "text": "Prosegui l\u0027esercizio",
        "userDefined": false
      }
    ],
    "isTemplate": false,
    "count": 0,
    "lang": "it",
    "updated": 0
  },
  {
    "id": "94e47db8-dc0b-4d11-be2a-e7187840dcee",
    "data": [
      {
        "text": "Prosegui",
        "userDefined": false
      }
    ],
    "isTemplate": false,
    "count": 0,
    "lang": "it",
    "updated": 0
  },
  {
    "id": "f95db144-0282-43e8-b627-4ad6423014dc",
    "data": [
      {
        "text": "Vai avanti",
        "userDefined": false
      }
    ],
    "isTemplate": false,
    "count": 0,
    "lang": "it",
    "updated": 0
  },
  {
    "id": "fa7af292-306b-4984-a50a-ea635a0ccdbc",
    "data": [
      {
        "text": "Continua l\u0027esercizio",
        "userDefined": false
      }
    ],
    "isTemplate": false,
    "count": 0,
    "lang": "it",
    "updated": 0
  },
  {
    "id": "af9c4aad-a120-4f12-90ea-6f1c21533e78",
    "data": [
      {
        "text": "Ok",
        "userDefined": false
      }
    ],
    "isTemplate": false,
    "count": 0,
    "lang": "it",
    "updated": 0
  },
  {
    "id": "a1b7dfc9-5f08-4213-8b36-17a15969179b",
    "data": [
      {
        "text": "Grazie",
        "userDefined": false
      }
    ],
    "isTemplate": false,
    "count": 0,
    "lang": "it",
    "updated": 0
  },
  {
    "id": "f677c051-568e-43e4-9107-71b0e7e1c6b0",
    "data": [
      {
        "text": "Perfetto",
        "userDefined": false
      }
    ],
    "isTemplate": false,
    "count": 0,
    "lang": "it",
    "updated": 0
  },
  {
    "id": "f4b784cc-25c1-4abc-ac28-3ea9397544c5",
    "data": [
      {
        "text": "Andiamo avanti",
        "userDefined": false
      }
    ],
    "isTemplate": false,
    "count": 0,
    "lang": "it",
    "updated": 0
  },
  {
    "id": "5fd265bd-a48e-407d-b198-a83dee6bc6d9",
    "data": [
      {
        "text": "Ci sono",
        "userDefined": false
      }
    ],
    "isTemplate": false,
    "count": 0,
    "lang": "it",
    "updated": 0
  },
  {
    "id": "8731a9bf-5c72-435f-8cd0-d73ea3637d62",
    "data": [
      {
        "text": "Sono pronto",
        "userDefined": false
      }
    ],
    "isTemplate": false,
    "count": 0,
    "lang": "it",
    "updated": 0
  },
  {
    "id": "4c67ac47-589f-476a-85a2-2b11183ad127",
    "data": [
      {
        "text": "Continuiamo",
        "userDefined": false
      }
    ],
    "isTemplate": false,
    "count": 0,
    "lang": "it",
    "updated": 0
  },
  {
    "id": "b7d8d0cd-c10a-4557-ab11-3809e54f2258",
    "data": [
      {
        "text": "Continuare",
        "userDefined": false
      }
    ],
    "isTemplate": false,
    "count": 0,
    "lang": "it",
    "updated": 0
  },
  {
    "id": "fa72b941-2891-4c0f-a770-78fef272638a",
    "data": [
      {
        "text": "Continua",
        "userDefined": false
      }
    ],
    "isTemplate": false,
    "count": 0,
    "lang": "it",
    "updated": 0
  },
  {
    "id": "205548e8-2b72-4e51-8817-3ae3058c0cab",
    "data": [
      {
        "text": "Ho finito.",
        "userDefined": false
      }
    ],
    "isTemplate": false,
    "count": 0,
    "lang": "it",
    "updated": 0
  }
]