[
  {
    "id": "1a090516-a297-4786-811c-c4fe3ecc3001",
    "data": [
      {
        "text": "interrompi esercizio",
        "meta": "@Rapid_stop",
        "alias": "Rapid_stop",
        "userDefined": true
      }
    ],
    "isTemplate": false,
    "count": 0,
    "lang": "it",
    "updated": 0
  },
  {
    "id": "9314cb28-35e2-4f7b-9261-da8906cef9dc",
    "data": [
      {
        "text": "Stoppa l\u0027esercizio",
        "meta": "@Rapid_stop",
        "alias": "Rapid_stop",
        "userDefined": true
      }
    ],
    "isTemplate": false,
    "count": 0,
    "lang": "it",
    "updated": 0
  },
  {
    "id": "e7c78f05-fac3-4c4b-bd44-9947f304e5ce",
    "data": [
      {
        "text": "Finiamo",
        "meta": "@Rapid_stop",
        "alias": "Rapid_stop",
        "userDefined": true
      },
      {
        "text": " qui",
        "userDefined": false
      }
    ],
    "isTemplate": false,
    "count": 0,
    "lang": "it",
    "updated": 0
  },
  {
    "id": "87d283d1-a38f-4c08-a166-ae7087b8eab7",
    "data": [
      {
        "text": "Stancato",
        "meta": "@Rapid_stop",
        "alias": "Rapid_stop",
        "userDefined": true
      }
    ],
    "isTemplate": false,
    "count": 0,
    "lang": "it",
    "updated": 0
  },
  {
    "id": "8d713034-6939-4180-abc3-eb389de742c7",
    "data": [
      {
        "text": "Scocciato",
        "meta": "@Rapid_stop",
        "alias": "Rapid_stop",
        "userDefined": true
      }
    ],
    "isTemplate": false,
    "count": 0,
    "lang": "it",
    "updated": 0
  },
  {
    "id": "ad6e6f23-1a4b-4565-a8dd-4b10b89f035f",
    "data": [
      {
        "text": "Basta",
        "meta": "@Rapid_stop",
        "alias": "Rapid_stop",
        "userDefined": true
      }
    ],
    "isTemplate": false,
    "count": 0,
    "lang": "it",
    "updated": 0
  },
  {
    "id": "414bd554-1339-4c29-a7ee-35ce22301e02",
    "data": [
      {
        "text": "Fermiamo l\u0027esercizio",
        "meta": "@Rapid_stop",
        "alias": "Rapid_stop",
        "userDefined": true
      }
    ],
    "isTemplate": false,
    "count": 0,
    "lang": "it",
    "updated": 0
  },
  {
    "id": "654999c3-90a5-4307-b56d-69b3f270b8a7",
    "data": [
      {
        "text": "Ferma l\u0027esercizio",
        "meta": "@Rapid_stop",
        "alias": "Rapid_stop",
        "userDefined": true
      }
    ],
    "isTemplate": false,
    "count": 0,
    "lang": "it",
    "updated": 0
  },
  {
    "id": "eaf37fb8-aa7c-44c2-8263-7a7ac847ab58",
    "data": [
      {
        "text": "Ferma la pratica",
        "meta": "@Rapid_stop",
        "alias": "Rapid_stop",
        "userDefined": true
      }
    ],
    "isTemplate": false,
    "count": 0,
    "lang": "it",
    "updated": 0
  },
  {
    "id": "22e90a99-74bb-4f9b-b423-c7bc48041c2b",
    "data": [
      {
        "text": "Stop",
        "meta": "@Rapid_stop",
        "alias": "Rapid_stop",
        "userDefined": true
      }
    ],
    "isTemplate": false,
    "count": 0,
    "lang": "it",
    "updated": 0
  },
  {
    "id": "2a90ef7a-e422-4642-bc74-70dc141a28cb",
    "data": [
      {
        "text": "Interrompi pratica",
        "meta": "@Rapid_stop",
        "alias": "Rapid_stop",
        "userDefined": true
      }
    ],
    "isTemplate": false,
    "count": 1,
    "lang": "it",
    "updated": 0
  }
]