[
  {
    "id": "7ade063e-15fd-4f25-916d-250393d8c5a5",
    "data": [
      {
        "text": "si",
        "userDefined": false
      }
    ],
    "isTemplate": false,
    "count": 0,
    "lang": "it",
    "updated": 0
  },
  {
    "id": "3203a7f0-494d-419e-840d-43c0fc81fbb0",
    "data": [
      {
        "text": "Me ne vado",
        "userDefined": false
      }
    ],
    "isTemplate": false,
    "count": 0,
    "lang": "it",
    "updated": 0
  },
  {
    "id": "6ca4a004-c2ae-4b3a-a365-c3db56c1f315",
    "data": [
      {
        "text": "Bye bye",
        "userDefined": false
      }
    ],
    "isTemplate": false,
    "count": 0,
    "lang": "it",
    "updated": 0
  },
  {
    "id": "f196f94e-c5ec-4d7a-b88c-d25775eb5f29",
    "data": [
      {
        "text": "Hi",
        "userDefined": false
      }
    ],
    "isTemplate": false,
    "count": 0,
    "lang": "it",
    "updated": 0
  },
  {
    "id": "d5e990e3-c924-424f-9053-16204c884d78",
    "data": [
      {
        "text": "Bye",
        "userDefined": false
      }
    ],
    "isTemplate": false,
    "count": 1,
    "lang": "it",
    "updated": 0
  },
  {
    "id": "d2ede5da-473d-4c5e-a402-ff3d224568b4",
    "data": [
      {
        "text": "Vi saluta",
        "userDefined": false
      }
    ],
    "isTemplate": false,
    "count": 0,
    "lang": "it",
    "updated": 0
  },
  {
    "id": "d23f911a-672d-4f3a-afc6-37e18e891c48",
    "data": [
      {
        "text": "Ti saluto",
        "userDefined": false
      }
    ],
    "isTemplate": false,
    "count": 0,
    "lang": "it",
    "updated": 0
  },
  {
    "id": "a89d0174-079d-49ee-9884-49fcb6575b58",
    "data": [
      {
        "text": "Saluto",
        "userDefined": false
      }
    ],
    "isTemplate": false,
    "count": 0,
    "lang": "it",
    "updated": 0
  },
  {
    "id": "cb77241e-6e2e-4445-809f-2bda95300975",
    "data": [
      {
        "text": "Salutiamoci",
        "userDefined": false
      }
    ],
    "isTemplate": false,
    "count": 0,
    "lang": "it",
    "updated": 0
  },
  {
    "id": "f1723844-b0a6-4071-85a2-1f70b5ad9872",
    "data": [
      {
        "text": "Salutami tutti",
        "userDefined": false
      }
    ],
    "isTemplate": false,
    "count": 0,
    "lang": "it",
    "updated": 0
  },
  {
    "id": "8ed9920f-729f-43e0-b203-7c2a6e41cd3c",
    "data": [
      {
        "text": "arrivederci",
        "userDefined": false
      }
    ],
    "isTemplate": false,
    "count": 0,
    "lang": "it",
    "updated": 0
  },
  {
    "id": "4bedab84-d932-4ac5-ac70-2b5c139f6b53",
    "data": [
      {
        "text": "al",
        "userDefined": false
      },
      {
        "text": " prossima episodio",
        "userDefined": false
      }
    ],
    "isTemplate": false,
    "count": 0,
    "lang": "it",
    "updated": 0
  },
  {
    "id": "8a4356a7-210b-4adc-bc84-d29fd499cdbc",
    "data": [
      {
        "text": "Alla prossima",
        "userDefined": false
      }
    ],
    "isTemplate": false,
    "count": 0,
    "lang": "it",
    "updated": 0
  },
  {
    "id": "7082f179-c30a-4bde-bb27-86bac86d7a88",
    "data": [
      {
        "text": "Ci ",
        "userDefined": false
      },
      {
        "text": "si",
        "userDefined": false
      },
      {
        "text": " vede",
        "userDefined": false
      }
    ],
    "isTemplate": false,
    "count": 0,
    "lang": "it",
    "updated": 0
  },
  {
    "id": "74e48fc4-c706-4747-be30-0ffc87fa567a",
    "data": [
      {
        "text": "A presto",
        "userDefined": false
      }
    ],
    "isTemplate": false,
    "count": 0,
    "lang": "it",
    "updated": 0
  }
]