[
  {
    "id": "cc64f53f-8e6e-4460-9edf-f58c8b0f991b",
    "data": [
      {
        "text": "si tutto bene",
        "userDefined": false
      }
    ],
    "isTemplate": false,
    "count": 0,
    "lang": "it",
    "updated": 0
  },
  {
    "id": "cbd37f1c-45df-4698-9ce5-6d8fce91df9f",
    "data": [
      {
        "text": "si sto bene",
        "userDefined": false
      }
    ],
    "isTemplate": false,
    "count": 0,
    "lang": "it",
    "updated": 0
  },
  {
    "id": "ad78665b-3a2f-4c57-9e48-861569336d58",
    "data": [
      {
        "text": "si bene dai",
        "userDefined": false
      }
    ],
    "isTemplate": false,
    "count": 0,
    "lang": "it",
    "updated": 0
  },
  {
    "id": "621a80fe-4dee-46ea-addc-450deb5b013e",
    "data": [
      {
        "text": "si",
        "userDefined": false
      }
    ],
    "isTemplate": false,
    "count": 0,
    "lang": "it",
    "updated": 0
  },
  {
    "id": "40c05146-ba41-4022-8f8d-cb0ca3a045f2",
    "data": [
      {
        "text": "sto bene dai",
        "userDefined": false
      }
    ],
    "isTemplate": false,
    "count": 0,
    "lang": "it",
    "updated": 0
  },
  {
    "id": "a75f8f85-f61f-48d7-b609-63413a13fc53",
    "data": [
      {
        "text": "sto di lusso",
        "userDefined": false
      }
    ],
    "isTemplate": false,
    "count": 0,
    "lang": "it",
    "updated": 0
  },
  {
    "id": "a98e20e3-3444-4330-92e1-b33c4584efea",
    "data": [
      {
        "text": "sono contento",
        "userDefined": false
      }
    ],
    "isTemplate": false,
    "count": 0,
    "lang": "it",
    "updated": 0
  },
  {
    "id": "ab404293-0d97-41b7-bafc-23bb7d9dd81a",
    "data": [
      {
        "text": "sono ",
        "userDefined": false
      },
      {
        "text": "in",
        "userDefined": false
      },
      {
        "text": " forma",
        "userDefined": false
      }
    ],
    "isTemplate": false,
    "count": 0,
    "lang": "it",
    "updated": 0
  },
  {
    "id": "2a0d57ee-64a1-450b-af27-1fa6c1e846a6",
    "data": [
      {
        "text": "sto ",
        "userDefined": false
      },
      {
        "text": "in",
        "userDefined": false
      },
      {
        "text": " forma",
        "userDefined": false
      }
    ],
    "isTemplate": false,
    "count": 0,
    "lang": "it",
    "updated": 0
  },
  {
    "id": "9e0eb597-ea2f-4861-bde8-5f72df45b615",
    "data": [
      {
        "text": "in forma",
        "userDefined": false
      }
    ],
    "isTemplate": false,
    "count": 0,
    "lang": "it",
    "updated": 0
  },
  {
    "id": "7d2a97e7-e158-4c58-a0f7-b6e78d514708",
    "data": [
      {
        "text": "sto benissimo",
        "userDefined": false
      }
    ],
    "isTemplate": false,
    "count": 0,
    "lang": "it",
    "updated": 0
  },
  {
    "id": "2c9c67b4-3f66-413d-977e-fea43f687f11",
    "data": [
      {
        "text": "sono allegro",
        "userDefined": false
      }
    ],
    "isTemplate": false,
    "count": 1,
    "lang": "it",
    "updated": 0
  },
  {
    "id": "d7817e9b-c0b7-4213-afb7-6899ffa029c1",
    "data": [
      {
        "text": "sono felice",
        "userDefined": false
      }
    ],
    "isTemplate": false,
    "count": 0,
    "lang": "it",
    "updated": 0
  },
  {
    "id": "7491e991-063b-40c0-bbb6-a83ce3be1d71",
    "data": [
      {
        "text": "felice",
        "userDefined": false
      }
    ],
    "isTemplate": false,
    "count": 0,
    "lang": "it",
    "updated": 0
  },
  {
    "id": "39d8c8cf-a40f-4a33-b5e4-64cab6d2956b",
    "data": [
      {
        "text": "bene",
        "userDefined": false
      }
    ],
    "isTemplate": false,
    "count": 0,
    "lang": "it",
    "updated": 0
  },
  {
    "id": "e351ffd3-399f-4117-b8e7-6f34b79dd9dd",
    "data": [
      {
        "text": "Mi",
        "userDefined": false
      },
      {
        "text": " sento bene",
        "userDefined": false
      }
    ],
    "isTemplate": false,
    "count": 0,
    "lang": "it",
    "updated": 0
  },
  {
    "id": "e72a5f78-cd91-4056-a33e-5480aad04a82",
    "data": [
      {
        "text": "Sto bene",
        "userDefined": false
      }
    ],
    "isTemplate": false,
    "count": 0,
    "lang": "it",
    "updated": 0
  }
]