[
  {
    "id": "e2138c26-8e8b-43f6-bcb3-9871b3ee0365",
    "data": [
      {
        "text": "No",
        "meta": "@Negative_Phrases",
        "alias": "Negative_Phrases",
        "userDefined": true
      },
      {
        "text": ", grazie.",
        "userDefined": false
      }
    ],
    "isTemplate": false,
    "count": 0,
    "lang": "it",
    "updated": 0
  },
  {
    "id": "02b40ba8-163e-4a03-b268-adb6f77cf916",
    "data": [
      {
        "text": "non credo",
        "meta": "@Negative_Phrases",
        "alias": "Negative_Phrases",
        "userDefined": true
      }
    ],
    "isTemplate": false,
    "count": 0,
    "lang": "it",
    "updated": 0
  },
  {
    "id": "f961b0e0-2f15-46d4-94f8-0d9f697e849f",
    "data": [
      {
        "text": "no",
        "meta": "@Negative_Phrases",
        "alias": "Negative_Phrases",
        "userDefined": true
      },
      {
        "text": " grazie",
        "userDefined": false
      }
    ],
    "isTemplate": false,
    "count": 0,
    "lang": "it",
    "updated": 0
  },
  {
    "id": "1d4f4a76-0ed1-4c9b-b22d-fdc6cecc1b07",
    "data": [
      {
        "text": "non farlo",
        "meta": "@Negative_Phrases",
        "alias": "Negative_Phrases",
        "userDefined": true
      }
    ],
    "isTemplate": false,
    "count": 0,
    "lang": "it",
    "updated": 0
  },
  {
    "id": "4abe479c-9952-4ee5-9356-992a084959bd",
    "data": [
      {
        "text": "non proprio",
        "meta": "@Negative_Phrases",
        "alias": "Negative_Phrases",
        "userDefined": true
      }
    ],
    "isTemplate": false,
    "count": 0,
    "lang": "it",
    "updated": 0
  },
  {
    "id": "1d558661-2d1b-49fd-b591-b5ceae550799",
    "data": [
      {
        "text": "assolutamente no",
        "meta": "@Negative_Phrases",
        "alias": "Negative_Phrases",
        "userDefined": true
      }
    ],
    "isTemplate": false,
    "count": 0,
    "lang": "it",
    "updated": 0
  },
  {
    "id": "b5a50e4f-5748-456e-910d-5aab2ea2e6fe",
    "data": [
      {
        "text": "no",
        "meta": "@Negative_Phrases",
        "alias": "Negative_Phrases",
        "userDefined": true
      }
    ],
    "isTemplate": false,
    "count": 1,
    "lang": "it",
    "updated": 0
  },
  {
    "id": "e5743692-a56b-46b1-a020-fdd7e5047cf9",
    "data": [
      {
        "text": "non voglio",
        "meta": "@Negative_Phrases",
        "alias": "Negative_Phrases",
        "userDefined": true
      }
    ],
    "isTemplate": false,
    "count": 0,
    "lang": "it",
    "updated": 0
  },
  {
    "id": "5235c460-7a62-40b4-9799-9924cc07c088",
    "data": [
      {
        "text": "non sono d\u0027accordo",
        "meta": "@Negative_Phrases",
        "alias": "Negative_Phrases",
        "userDefined": true
      }
    ],
    "isTemplate": false,
    "count": 0,
    "lang": "it",
    "updated": 0
  },
  {
    "id": "3d03b1a9-a3a5-47e3-9bfe-77b00ec37890",
    "data": [
      {
        "text": "non mi interessa",
        "meta": "@Negative_Phrases",
        "alias": "Negative_Phrases",
        "userDefined": true
      }
    ],
    "isTemplate": false,
    "count": 0,
    "lang": "it",
    "updated": 0
  }
]