[
  {
    "id": "cbae1869-405b-4126-b1c1-5c717cecb632",
    "data": [
      {
        "text": "diciamo di si",
        "userDefined": false
      }
    ],
    "isTemplate": false,
    "count": 0,
    "lang": "it",
    "updated": 0
  },
  {
    "id": "f6c12d63-b893-4cea-831e-148428b6e975",
    "data": [
      {
        "text": "Diciam",
        "userDefined": false
      }
    ],
    "isTemplate": false,
    "count": 0,
    "lang": "it",
    "updated": 0
  },
  {
    "id": "a3dd67e8-a288-4364-a3fc-4ad8b87bcb47",
    "data": [
      {
        "text": "non sono felice",
        "userDefined": false
      }
    ],
    "isTemplate": false,
    "count": 1,
    "lang": "it",
    "updated": 0
  },
  {
    "id": "d10f8290-e761-42e1-8cf0-b49664007ce2",
    "data": [
      {
        "text": "Benino",
        "userDefined": false
      }
    ],
    "isTemplate": false,
    "count": 0,
    "lang": "it",
    "updated": 0
  },
  {
    "id": "f614e9ca-8fc4-4476-8759-348c48e5eeb0",
    "data": [
      {
        "text": "Non saprei",
        "userDefined": false
      }
    ],
    "isTemplate": false,
    "count": 0,
    "lang": "it",
    "updated": 0
  },
  {
    "id": "aa6a7074-0492-4243-abe6-1a2b7a1e4f1f",
    "data": [
      {
        "text": "Bo",
        "userDefined": false
      }
    ],
    "isTemplate": false,
    "count": 0,
    "lang": "it",
    "updated": 0
  },
  {
    "id": "33e000cf-cfa8-456d-b91c-3fc33a7dfbac",
    "data": [
      {
        "text": "Non so",
        "userDefined": false
      }
    ],
    "isTemplate": false,
    "count": 0,
    "lang": "it",
    "updated": 0
  },
  {
    "id": "4554f5bf-7f4f-4299-8ef3-c04482c669ff",
    "data": [
      {
        "text": "insomma",
        "userDefined": false
      }
    ],
    "isTemplate": false,
    "count": 0,
    "lang": "it",
    "updated": 0
  },
  {
    "id": "eddbcc32-ce46-4c36-a9bd-96be390a11b9",
    "data": [
      {
        "text": "forse bene",
        "userDefined": false
      }
    ],
    "isTemplate": false,
    "count": 0,
    "lang": "it",
    "updated": 0
  },
  {
    "id": "2b32e023-015c-4666-8b51-61885a516390",
    "data": [
      {
        "text": "maluccio",
        "userDefined": false
      }
    ],
    "isTemplate": false,
    "count": 0,
    "lang": "it",
    "updated": 0
  },
  {
    "id": "1d4a0b56-b612-4ec6-a719-aa1694e7e562",
    "data": [
      {
        "text": "Forse male",
        "userDefined": false
      }
    ],
    "isTemplate": false,
    "count": 0,
    "lang": "it",
    "updated": 0
  },
  {
    "id": "038dacfc-ed44-4393-ac26-9dc72e6f845f",
    "data": [
      {
        "text": "così così",
        "userDefined": false
      }
    ],
    "isTemplate": false,
    "count": 0,
    "lang": "it",
    "updated": 0
  },
  {
    "id": "4cd6ad75-3139-49f4-b5c5-e431a17accb5",
    "data": [
      {
        "text": "così e così",
        "userDefined": false
      }
    ],
    "isTemplate": false,
    "count": 0,
    "lang": "it",
    "updated": 0
  },
  {
    "id": "de8e3e7b-deb2-4729-85ad-b9a41ae3e1d8",
    "data": [
      {
        "text": "più o meno",
        "userDefined": false
      }
    ],
    "isTemplate": false,
    "count": 0,
    "lang": "it",
    "updated": 0
  },
  {
    "id": "c816881d-db4b-49c8-bbf1-933111262d43",
    "data": [
      {
        "text": "Non tanto",
        "userDefined": false
      }
    ],
    "isTemplate": false,
    "count": 0,
    "lang": "it",
    "updated": 0
  },
  {
    "id": "40309a0b-d268-4c75-a52e-393d6a283264",
    "data": [
      {
        "text": "Non proprio",
        "userDefined": false
      }
    ],
    "isTemplate": false,
    "count": 0,
    "lang": "it",
    "updated": 0
  },
  {
    "id": "8338c7e2-7067-4074-98fa-0d98605d662c",
    "data": [
      {
        "text": "Diciamo",
        "userDefined": false
      }
    ],
    "isTemplate": false,
    "count": 0,
    "lang": "it",
    "updated": 0
  },
  {
    "id": "dd91d0f5-1617-4564-a658-29c710a65f40",
    "data": [
      {
        "text": "Non sto bene",
        "userDefined": false
      }
    ],
    "isTemplate": false,
    "count": 0,
    "lang": "it",
    "updated": 0
  }
]