[
  {
    "id": "1af7a32e-f42d-4b87-a260-eff1611a23e5",
    "data": [
      {
        "text": "Adattare",
        "userDefined": false
      }
    ],
    "isTemplate": false,
    "count": 0,
    "lang": "it",
    "updated": 0
  },
  {
    "id": "d2ab9379-db88-407a-8dc3-325a078f2373",
    "data": [
      {
        "text": "Attenzione",
        "userDefined": false
      }
    ],
    "isTemplate": false,
    "count": 0,
    "lang": "it",
    "updated": 0
  },
  {
    "id": "fbbc37f7-997a-4235-9084-e4a826e6560d",
    "data": [
      {
        "text": "Alieno",
        "userDefined": false
      }
    ],
    "isTemplate": false,
    "count": 0,
    "lang": "it",
    "updated": 0
  },
  {
    "id": "59477e44-5167-4847-bdf8-d0bb0ca3afba",
    "data": [
      {
        "text": "Hello",
        "userDefined": false
      }
    ],
    "isTemplate": false,
    "count": 0,
    "lang": "it",
    "updated": 0
  }
]