[
  {
    "id": "0a739b6f-4e94-45f6-a45c-9ba9fa260c44",
    "data": [
      {
        "text": "impiego",
        "meta": "@Agent_functions",
        "alias": "Agent_functions",
        "userDefined": true
      }
    ],
    "isTemplate": false,
    "count": 0,
    "lang": "it",
    "updated": 0
  },
  {
    "id": "4675924c-eee4-4fb6-969b-2ffd22a9db3f",
    "data": [
      {
        "text": "task",
        "meta": "@Agent_functions",
        "alias": "Agent_functions",
        "userDefined": false
      }
    ],
    "isTemplate": false,
    "count": 0,
    "lang": "it",
    "updated": 0
  },
  {
    "id": "f4b69960-2176-4b4a-8096-7acef96e2a92",
    "data": [
      {
        "text": "funzione",
        "meta": "@Agent_functions",
        "alias": "Agent_functions",
        "userDefined": true
      }
    ],
    "isTemplate": false,
    "count": 0,
    "lang": "it",
    "updated": 0
  },
  {
    "id": "b9323a79-7281-437c-8045-6aee7a01c999",
    "data": [
      {
        "text": "funzioni",
        "meta": "@Agent_functions",
        "alias": "Agent_functions",
        "userDefined": true
      }
    ],
    "isTemplate": false,
    "count": 0,
    "lang": "it",
    "updated": 0
  },
  {
    "id": "dcde2c17-02fb-401f-a2ae-2b2cb28b576b",
    "data": [
      {
        "text": "Help",
        "meta": "@Agent_functions",
        "alias": "Agent_functions",
        "userDefined": true
      }
    ],
    "isTemplate": false,
    "count": 1,
    "lang": "it",
    "updated": 0
  },
  {
    "id": "db3a55d9-2822-48ae-bc13-a62b92c589b9",
    "data": [
      {
        "text": "Qual è ",
        "userDefined": false
      },
      {
        "text": "il tuo compito",
        "meta": "@Agent_functions",
        "alias": "Agent_functions",
        "userDefined": true
      },
      {
        "text": "?",
        "userDefined": false
      }
    ],
    "isTemplate": false,
    "count": 0,
    "lang": "it",
    "updated": 0
  },
  {
    "id": "a28927bd-9b4b-4e75-a4a4-820cb7d63612",
    "data": [
      {
        "text": "Come lavori",
        "meta": "@Agent_functions",
        "alias": "Agent_functions",
        "userDefined": true
      },
      {
        "text": "?",
        "userDefined": false
      }
    ],
    "isTemplate": false,
    "count": 0,
    "lang": "it",
    "updated": 0
  },
  {
    "id": "c47ecec2-e696-445f-a665-32ed5577e7a7",
    "data": [
      {
        "text": "Cosa fai",
        "meta": "@Agent_functions",
        "alias": "Agent_functions",
        "userDefined": true
      },
      {
        "text": "?",
        "userDefined": false
      }
    ],
    "isTemplate": false,
    "count": 0,
    "lang": "it",
    "updated": 0
  },
  {
    "id": "4666ed0c-cd2d-4cf8-9772-8b801521b7fb",
    "data": [
      {
        "text": "Cosa ",
        "userDefined": false
      },
      {
        "text": "sai fare",
        "meta": "@Agent_functions",
        "alias": "Agent_functions",
        "userDefined": true
      },
      {
        "text": "?",
        "userDefined": false
      }
    ],
    "isTemplate": false,
    "count": 0,
    "lang": "it",
    "updated": 0
  },
  {
    "id": "dae396dc-88b2-4068-8e13-6bc6f97b0517",
    "data": [
      {
        "text": "Cosa ",
        "userDefined": false
      },
      {
        "text": "puoi fare",
        "meta": "@Agent_functions",
        "alias": "Agent_functions",
        "userDefined": true
      },
      {
        "text": "?",
        "userDefined": false
      }
    ],
    "isTemplate": false,
    "count": 0,
    "lang": "it",
    "updated": 0
  },
  {
    "id": "90d86108-776d-4cae-9860-a91becc5680c",
    "data": [
      {
        "text": "Aiuto",
        "meta": "@Agent_functions",
        "alias": "Agent_functions",
        "userDefined": true
      }
    ],
    "isTemplate": false,
    "count": 1,
    "lang": "it",
    "updated": 0
  }
]