[
  {
    "id": "7d666544-da60-4d23-9e2f-f99f28e3a5a9",
    "data": [
      {
        "text": "Cosa fa?",
        "userDefined": false
      }
    ],
    "isTemplate": false,
    "count": 0,
    "lang": "it",
    "updated": 0
  },
  {
    "id": "c68d9542-3be1-44c1-b078-756b38e47713",
    "data": [
      {
        "text": "Cosa si ",
        "userDefined": false
      },
      {
        "text": "fa",
        "userDefined": false
      },
      {
        "text": " nell\u0027esercizio?",
        "userDefined": false
      }
    ],
    "isTemplate": false,
    "count": 0,
    "lang": "it",
    "updated": 0
  },
  {
    "id": "9e75b282-9d44-4e88-b071-0e7abcea1010",
    "data": [
      {
        "text": "Cosa riguarda la recnica?",
        "userDefined": false
      }
    ],
    "isTemplate": false,
    "count": 0,
    "lang": "it",
    "updated": 0
  },
  {
    "id": "ff2df69f-04e5-48f0-b73c-31c93df43494",
    "data": [
      {
        "text": "Cosa riguarda l\u0027esercizio?",
        "userDefined": false
      }
    ],
    "isTemplate": false,
    "count": 0,
    "lang": "it",
    "updated": 0
  },
  {
    "id": "c09cd3cb-dfaa-421d-b1d1-acf058b293aa",
    "data": [
      {
        "text": "Di che esercizio si tratta?",
        "userDefined": false
      }
    ],
    "isTemplate": false,
    "count": 0,
    "lang": "it",
    "updated": 0
  },
  {
    "id": "d844a7a1-2f64-4162-a17c-f106ab5c3da5",
    "data": [
      {
        "text": "Dimmi qualcosa sulla tecnica ",
        "userDefined": false
      },
      {
        "text": "54321",
        "userDefined": false
      }
    ],
    "isTemplate": false,
    "count": 0,
    "lang": "it",
    "updated": 0
  },
  {
    "id": "d4179701-f49a-4951-8bf5-592129dff118",
    "data": [
      {
        "text": "Voglio info",
        "userDefined": false
      }
    ],
    "isTemplate": false,
    "count": 0,
    "lang": "it",
    "updated": 0
  },
  {
    "id": "625e495f-7863-4bba-9cb6-5017263a105b",
    "data": [
      {
        "text": "Dimmi qualcosa sull\u0027esercizio",
        "userDefined": false
      }
    ],
    "isTemplate": false,
    "count": 0,
    "lang": "it",
    "updated": 0
  },
  {
    "id": "6186d052-9cec-4c4b-a8b0-6dd38254649c",
    "data": [
      {
        "text": "Dimmi qualcosa sulla tecnica",
        "userDefined": false
      }
    ],
    "isTemplate": false,
    "count": 0,
    "lang": "it",
    "updated": 0
  },
  {
    "id": "caa5452d-83b3-48b3-b433-63f0fea97b5c",
    "data": [
      {
        "text": "Informazioni",
        "userDefined": false
      }
    ],
    "isTemplate": false,
    "count": 0,
    "lang": "it",
    "updated": 0
  },
  {
    "id": "b88087f1-9964-4026-8efe-16a942b40449",
    "data": [
      {
        "text": "Info",
        "userDefined": false
      }
    ],
    "isTemplate": false,
    "count": 0,
    "lang": "it",
    "updated": 0
  },
  {
    "id": "401c7e1e-0fe8-4b6f-9b7c-92b25808bf34",
    "data": [
      {
        "text": "Okay",
        "userDefined": false
      }
    ],
    "isTemplate": false,
    "count": 0,
    "lang": "it",
    "updated": 0
  }
]