[
  {
    "id": "a4a94872-a50a-4106-b673-674c4b569d27",
    "data": [
      {
        "text": "proprio per niente",
        "meta": "@Negative_Phrases",
        "alias": "Negative_Phrases",
        "userDefined": true
      }
    ],
    "isTemplate": false,
    "count": 0,
    "lang": "it",
    "updated": 0
  },
  {
    "id": "418234a7-6d96-45b5-b705-19f17037049b",
    "data": [
      {
        "text": "per niente proprio",
        "meta": "@Negative_Phrases",
        "alias": "Negative_Phrases",
        "userDefined": true
      }
    ],
    "isTemplate": false,
    "count": 0,
    "lang": "it",
    "updated": 0
  },
  {
    "id": "ac539e7a-5c6a-445a-9117-1781ae34f09f",
    "data": [
      {
        "text": "Per niente",
        "meta": "@Negative_Phrases",
        "alias": "Negative_Phrases",
        "userDefined": true
      }
    ],
    "isTemplate": false,
    "count": 0,
    "lang": "it",
    "updated": 0
  },
  {
    "id": "93076b28-4a16-4e13-9b71-51e501891f43",
    "data": [
      {
        "text": "Non va meglio",
        "meta": "@Negative_Phrases",
        "alias": "Negative_Phrases",
        "userDefined": true
      }
    ],
    "isTemplate": false,
    "count": 0,
    "lang": "it",
    "updated": 0
  },
  {
    "id": "a6fd78a3-4bd4-4bcb-b0e2-f4448ca1151d",
    "data": [
      {
        "text": "Non tanto",
        "meta": "@Negative_Phrases",
        "alias": "Negative_Phrases",
        "userDefined": true
      }
    ],
    "isTemplate": false,
    "count": 0,
    "lang": "it",
    "updated": 0
  },
  {
    "id": "66105b94-4f0c-4106-9e59-c95d774a6e09",
    "data": [
      {
        "text": "Diciamo",
        "userDefined": false
      }
    ],
    "isTemplate": false,
    "count": 0,
    "lang": "it",
    "updated": 0
  },
  {
    "id": "fbcbaff5-fb4b-4f77-ac4a-a4cd347bf1ad",
    "data": [
      {
        "text": "Diciam",
        "userDefined": false
      }
    ],
    "isTemplate": false,
    "count": 0,
    "lang": "it",
    "updated": 0
  },
  {
    "id": "02b40ba8-163e-4a03-b268-adb6f77cf916",
    "data": [
      {
        "text": "non credo",
        "meta": "@Negative_Phrases",
        "alias": "Negative_Phrases",
        "userDefined": true
      }
    ],
    "isTemplate": false,
    "count": 0,
    "lang": "it",
    "updated": 0
  },
  {
    "id": "f961b0e0-2f15-46d4-94f8-0d9f697e849f",
    "data": [
      {
        "text": "no grazie",
        "meta": "@Negative_Phrases",
        "alias": "Negative_Phrases",
        "userDefined": true
      }
    ],
    "isTemplate": false,
    "count": 0,
    "lang": "it",
    "updated": 0
  },
  {
    "id": "1d4f4a76-0ed1-4c9b-b22d-fdc6cecc1b07",
    "data": [
      {
        "text": "non farlo",
        "meta": "@Negative_Phrases",
        "alias": "Negative_Phrases",
        "userDefined": true
      }
    ],
    "isTemplate": false,
    "count": 0,
    "lang": "it",
    "updated": 0
  },
  {
    "id": "4abe479c-9952-4ee5-9356-992a084959bd",
    "data": [
      {
        "text": "non proprio",
        "meta": "@Negative_Phrases",
        "alias": "Negative_Phrases",
        "userDefined": true
      }
    ],
    "isTemplate": false,
    "count": 0,
    "lang": "it",
    "updated": 0
  },
  {
    "id": "1d558661-2d1b-49fd-b591-b5ceae550799",
    "data": [
      {
        "text": "assolutamente no",
        "meta": "@Negative_Phrases",
        "alias": "Negative_Phrases",
        "userDefined": true
      }
    ],
    "isTemplate": false,
    "count": 0,
    "lang": "it",
    "updated": 0
  },
  {
    "id": "b5a50e4f-5748-456e-910d-5aab2ea2e6fe",
    "data": [
      {
        "text": "no",
        "meta": "@Negative_Phrases",
        "alias": "Negative_Phrases",
        "userDefined": true
      }
    ],
    "isTemplate": false,
    "count": 1,
    "lang": "it",
    "updated": 0
  },
  {
    "id": "e5743692-a56b-46b1-a020-fdd7e5047cf9",
    "data": [
      {
        "text": "non voglio",
        "meta": "@Negative_Phrases",
        "alias": "Negative_Phrases",
        "userDefined": true
      }
    ],
    "isTemplate": false,
    "count": 0,
    "lang": "it",
    "updated": 0
  },
  {
    "id": "5235c460-7a62-40b4-9799-9924cc07c088",
    "data": [
      {
        "text": "non sono d\u0027accordo",
        "meta": "@Negative_Phrases",
        "alias": "Negative_Phrases",
        "userDefined": true
      }
    ],
    "isTemplate": false,
    "count": 0,
    "lang": "it",
    "updated": 0
  },
  {
    "id": "3d03b1a9-a3a5-47e3-9bfe-77b00ec37890",
    "data": [
      {
        "text": "non mi interessa",
        "meta": "@Negative_Phrases",
        "alias": "Negative_Phrases",
        "userDefined": true
      }
    ],
    "isTemplate": false,
    "count": 0,
    "lang": "it",
    "updated": 0
  }
]