[
  {
    "id": "1267cd9a-2840-4b60-9e10-13af568bd32e",
    "data": [
      {
        "text": "non credo",
        "meta": "@Negative_Phrases",
        "alias": "Negative_Phrases",
        "userDefined": true
      }
    ],
    "isTemplate": false,
    "count": 0,
    "lang": "it",
    "updated": 0
  },
  {
    "id": "af5a204c-0310-4ce4-b9e7-a5474809cd7d",
    "data": [
      {
        "text": "no",
        "meta": "@Negative_Phrases",
        "alias": "Negative_Phrases",
        "userDefined": true
      },
      {
        "text": " grazie",
        "userDefined": false
      }
    ],
    "isTemplate": false,
    "count": 0,
    "lang": "it",
    "updated": 0
  },
  {
    "id": "0cfb984c-7efb-4406-83d7-63bc153474cf",
    "data": [
      {
        "text": "non farlo",
        "meta": "@Negative_Phrases",
        "alias": "Negative_Phrases",
        "userDefined": true
      }
    ],
    "isTemplate": false,
    "count": 0,
    "lang": "it",
    "updated": 0
  },
  {
    "id": "8bf5ed7e-9d31-43ac-ad89-1d3447d1c2c8",
    "data": [
      {
        "text": "non proprio",
        "meta": "@Negative_Phrases",
        "alias": "Negative_Phrases",
        "userDefined": true
      }
    ],
    "isTemplate": false,
    "count": 0,
    "lang": "it",
    "updated": 0
  },
  {
    "id": "ec2c2628-6718-4228-a9e1-84001a558094",
    "data": [
      {
        "text": "assolutamente no",
        "meta": "@Negative_Phrases",
        "alias": "Negative_Phrases",
        "userDefined": true
      }
    ],
    "isTemplate": false,
    "count": 0,
    "lang": "it",
    "updated": 0
  },
  {
    "id": "dc994b8b-1ccc-45ea-acdb-184f49664bba",
    "data": [
      {
        "text": "no",
        "meta": "@Negative_Phrases",
        "alias": "Negative_Phrases",
        "userDefined": true
      }
    ],
    "isTemplate": false,
    "count": 0,
    "lang": "it",
    "updated": 0
  },
  {
    "id": "c362839b-6349-4c2a-b876-904f76145d3b",
    "data": [
      {
        "text": "non voglio",
        "meta": "@Negative_Phrases",
        "alias": "Negative_Phrases",
        "userDefined": true
      }
    ],
    "isTemplate": false,
    "count": 0,
    "lang": "it",
    "updated": 0
  },
  {
    "id": "1ca509ae-a091-43b0-bedc-48d27b113745",
    "data": [
      {
        "text": "non sono d\u0027accordo",
        "meta": "@Negative_Phrases",
        "alias": "Negative_Phrases",
        "userDefined": true
      }
    ],
    "isTemplate": false,
    "count": 0,
    "lang": "it",
    "updated": 0
  },
  {
    "id": "9e33528e-8b26-42db-9e55-42ba9326bc1b",
    "data": [
      {
        "text": "Non mi interessa",
        "meta": "@Negative_Phrases",
        "alias": "Negative_Phrases",
        "userDefined": true
      }
    ],
    "isTemplate": false,
    "count": 0,
    "lang": "it",
    "updated": 0
  }
]