[
  {
    "id": "a0cb6c5f-8034-41c0-9b91-546c986d2b42",
    "data": [
      {
        "text": "Possiamo continuare",
        "userDefined": false
      }
    ],
    "isTemplate": false,
    "count": 0,
    "lang": "it",
    "updated": 0
  },
  {
    "id": "4b87e89d-91a6-49a0-bf57-310d856dc5f3",
    "data": [
      {
        "text": "Continuare",
        "userDefined": false
      }
    ],
    "isTemplate": false,
    "count": 0,
    "lang": "it",
    "updated": 0
  },
  {
    "id": "3f7ddb7b-3c9b-4af5-bca1-808d1d4d60a2",
    "data": [
      {
        "text": "Continuiamo",
        "userDefined": false
      }
    ],
    "isTemplate": false,
    "count": 0,
    "lang": "it",
    "updated": 0
  },
  {
    "id": "c6350d6d-ab83-4e20-9169-cb837402190b",
    "data": [
      {
        "text": "Ho fatto",
        "userDefined": false
      }
    ],
    "isTemplate": false,
    "count": 0,
    "lang": "it",
    "updated": 0
  },
  {
    "id": "e9a13c6c-81a2-4dff-a34d-d5ca3d1465f0",
    "data": [
      {
        "text": "Fatto",
        "userDefined": false
      }
    ],
    "isTemplate": false,
    "count": 0,
    "lang": "it",
    "updated": 0
  },
  {
    "id": "caad5fea-d4a1-4d07-8a91-5cf06ee1e04f",
    "data": [
      {
        "text": "Finito",
        "userDefined": false
      }
    ],
    "isTemplate": false,
    "count": 0,
    "lang": "it",
    "updated": 0
  },
  {
    "id": "388348a5-8abe-4020-acbc-d98e552c2aa3",
    "data": [
      {
        "text": "Perfetto",
        "userDefined": false
      }
    ],
    "isTemplate": false,
    "count": 0,
    "lang": "it",
    "updated": 0
  },
  {
    "id": "04734b44-fb5a-4417-8164-9bfd3b72b7ef",
    "data": [
      {
        "text": "Vai avanti",
        "userDefined": false
      }
    ],
    "isTemplate": false,
    "count": 0,
    "lang": "it",
    "updated": 0
  },
  {
    "id": "0318deee-faed-4f25-b1b5-e04672f1f3f8",
    "data": [
      {
        "text": "Andiamo avanti",
        "userDefined": false
      }
    ],
    "isTemplate": false,
    "count": 0,
    "lang": "it",
    "updated": 0
  },
  {
    "id": "36e70031-24fe-44eb-8dc5-9d47aa592003",
    "data": [
      {
        "text": "Avanti",
        "userDefined": false
      }
    ],
    "isTemplate": false,
    "count": 0,
    "lang": "it",
    "updated": 0
  },
  {
    "id": "62bee4a2-9cea-4dd7-b77a-1495eedff21a",
    "data": [
      {
        "text": "Continua",
        "userDefined": false
      }
    ],
    "isTemplate": false,
    "count": 0,
    "lang": "it",
    "updated": 0
  },
  {
    "id": "8d16bba4-f04a-47bb-bc26-4f137889013f",
    "data": [
      {
        "text": "Ho finito.",
        "userDefined": false
      }
    ],
    "isTemplate": false,
    "count": 0,
    "lang": "it",
    "updated": 0
  }
]