[
  {
    "id": "5980b303-45fa-490f-b311-19b7d25909e6",
    "data": [
      {
        "text": "Sei fantastico",
        "meta": "@Positive_Phrases",
        "alias": "Positive_Phrases",
        "userDefined": true
      }
    ],
    "isTemplate": false,
    "count": 0,
    "lang": "it",
    "updated": 0
  },
  {
    "id": "dbd6dad7-be41-4bce-8bca-b0e69f25bd7f",
    "data": [
      {
        "text": "Sei",
        "userDefined": false
      },
      {
        "text": " ",
        "userDefined": false
      },
      {
        "text": "fantastica",
        "meta": "@Positive_Phrases",
        "alias": "Positive_Phrases",
        "userDefined": true
      }
    ],
    "isTemplate": false,
    "count": 0,
    "lang": "it",
    "updated": 0
  },
  {
    "id": "9fc54c2c-ed40-41c9-b99a-1b72ee004b0b",
    "data": [
      {
        "text": "Un po\u0027",
        "meta": "@Positive_Phrases",
        "alias": "Positive_Phrases",
        "userDefined": true
      }
    ],
    "isTemplate": false,
    "count": 2,
    "lang": "it",
    "updated": 0
  },
  {
    "id": "cec6c9b1-ccfa-49bf-b2d4-2006463386a0",
    "data": [
      {
        "text": "Top",
        "meta": "@Positive_Phrases",
        "alias": "Positive_Phrases",
        "userDefined": true
      }
    ],
    "isTemplate": false,
    "count": 0,
    "lang": "it",
    "updated": 0
  },
  {
    "id": "e73fdcde-a2f9-4dfd-b528-35107a89a7e1",
    "data": [
      {
        "text": "Va benissimo",
        "meta": "@Positive_Phrases",
        "alias": "Positive_Phrases",
        "userDefined": true
      }
    ],
    "isTemplate": false,
    "count": 0,
    "lang": "it",
    "updated": 0
  },
  {
    "id": "d2d44000-e81c-43a9-a48d-b510731c3a58",
    "data": [
      {
        "text": "Benissimo",
        "meta": "@Positive_Phrases",
        "alias": "Positive_Phrases",
        "userDefined": true
      }
    ],
    "isTemplate": false,
    "count": 0,
    "lang": "it",
    "updated": 0
  },
  {
    "id": "48756367-06ba-43e8-80dd-5b202235e974",
    "data": [
      {
        "text": "Si abbastanza bene",
        "meta": "@Positive_Phrases",
        "alias": "Positive_Phrases",
        "userDefined": true
      }
    ],
    "isTemplate": false,
    "count": 0,
    "lang": "it",
    "updated": 0
  },
  {
    "id": "4160a6f5-cbcc-47fd-b3b8-197c76772e86",
    "data": [
      {
        "text": "Si ",
        "userDefined": false
      },
      {
        "text": "molto bene",
        "meta": "@Positive_Phrases",
        "alias": "Positive_Phrases",
        "userDefined": true
      }
    ],
    "isTemplate": false,
    "count": 0,
    "lang": "it",
    "updated": 0
  },
  {
    "id": "ee37b0e7-ac05-44e4-bba2-de5096dad6c3",
    "data": [
      {
        "text": "forse ",
        "userDefined": false
      },
      {
        "text": "si",
        "meta": "@Positive_Phrases",
        "alias": "Positive_Phrases",
        "userDefined": true
      }
    ],
    "isTemplate": false,
    "count": 1,
    "lang": "it",
    "updated": 0
  },
  {
    "id": "067e9ae6-208e-4fcd-9a54-e898b7c4517a",
    "data": [
      {
        "text": "diciamo un po\u0027",
        "meta": "@Positive_Phrases",
        "alias": "Positive_Phrases",
        "userDefined": true
      }
    ],
    "isTemplate": false,
    "count": 0,
    "lang": "it",
    "updated": 0
  },
  {
    "id": "4f21f49c-8e43-4b54-86e5-f015408110cc",
    "data": [
      {
        "text": "diciamo di si",
        "userDefined": false
      }
    ],
    "isTemplate": false,
    "count": 0,
    "lang": "it",
    "updated": 0
  },
  {
    "id": "d4e22344-2ff2-4181-b8c2-a7b7e3b05475",
    "data": [
      {
        "text": "poco poco",
        "userDefined": false
      }
    ],
    "isTemplate": false,
    "count": 0,
    "lang": "it",
    "updated": 0
  },
  {
    "id": "611cdd1b-5a5d-4ed7-8e6e-5e47b9943a9d",
    "data": [
      {
        "text": "un",
        "userDefined": false
      },
      {
        "text": " pochetto",
        "userDefined": false
      }
    ],
    "isTemplate": false,
    "count": 0,
    "lang": "it",
    "updated": 0
  },
  {
    "id": "f66631ac-a764-4488-bf84-f8fc2815ed5d",
    "data": [
      {
        "text": "un",
        "userDefined": false
      },
      {
        "text": " pochino",
        "userDefined": false
      }
    ],
    "isTemplate": false,
    "count": 0,
    "lang": "it",
    "updated": 0
  },
  {
    "id": "4829f072-4b37-4745-be9f-eaefe48bb108",
    "data": [
      {
        "text": "Molte grazie",
        "userDefined": false
      }
    ],
    "isTemplate": false,
    "count": 0,
    "lang": "it",
    "updated": 0
  },
  {
    "id": "e3042fee-482e-41d3-962f-3058a9486d2e",
    "data": [
      {
        "text": "si grazie",
        "userDefined": false
      }
    ],
    "isTemplate": false,
    "count": 0,
    "lang": "it",
    "updated": 0
  },
  {
    "id": "5d1e5d10-d047-407f-8f18-e6123e26f84c",
    "data": [
      {
        "text": "Davvero tanto",
        "userDefined": false
      }
    ],
    "isTemplate": false,
    "count": 0,
    "lang": "it",
    "updated": 0
  },
  {
    "id": "a699bb5d-0b71-4c5b-86e6-9cea2b630875",
    "data": [
      {
        "text": "certo",
        "meta": "@Positive_Phrases",
        "alias": "Positive_Phrases",
        "userDefined": true
      }
    ],
    "isTemplate": false,
    "count": 0,
    "lang": "it",
    "updated": 0
  },
  {
    "id": "80e4eef4-e248-4a21-82be-df2f27bfd625",
    "data": [
      {
        "text": "Si molto",
        "meta": "@Positive_Phrases",
        "alias": "Positive_Phrases",
        "userDefined": true
      }
    ],
    "isTemplate": false,
    "count": 0,
    "lang": "it",
    "updated": 0
  },
  {
    "id": "85087e5c-6675-4188-bdbc-a9c347b31717",
    "data": [
      {
        "text": "Abbastanza",
        "meta": "@Positive_Phrases",
        "alias": "Positive_Phrases",
        "userDefined": true
      }
    ],
    "isTemplate": false,
    "count": 0,
    "lang": "it",
    "updated": 0
  },
  {
    "id": "fcaf3d74-99bc-4f3f-9950-fb10840524f0",
    "data": [
      {
        "text": "Affermativo",
        "meta": "@Positive_Phrases",
        "alias": "Positive_Phrases",
        "userDefined": true
      }
    ],
    "isTemplate": false,
    "count": 0,
    "lang": "it",
    "updated": 0
  },
  {
    "id": "d4562607-ac3c-4f9a-8136-33dfdd7787a7",
    "data": [
      {
        "text": "certamente",
        "meta": "@Positive_Phrases",
        "alias": "Positive_Phrases",
        "userDefined": true
      }
    ],
    "isTemplate": false,
    "count": 0,
    "lang": "it",
    "updated": 0
  },
  {
    "id": "5833da9f-967f-4a0e-92b8-5b29646ff62d",
    "data": [
      {
        "text": "confermo",
        "meta": "@Positive_Phrases",
        "alias": "Positive_Phrases",
        "userDefined": true
      }
    ],
    "isTemplate": false,
    "count": 0,
    "lang": "it",
    "updated": 0
  },
  {
    "id": "8e8b1a62-7597-4a69-87af-c5404efba634",
    "data": [
      {
        "text": "sì",
        "meta": "@Positive_Phrases",
        "alias": "Positive_Phrases",
        "userDefined": true
      }
    ],
    "isTemplate": false,
    "count": 0,
    "lang": "it",
    "updated": 0
  },
  {
    "id": "057e746e-61e0-4fd7-b0d7-4c2de9228a77",
    "data": [
      {
        "text": "esatto",
        "meta": "@Positive_Phrases",
        "alias": "Positive_Phrases",
        "userDefined": true
      }
    ],
    "isTemplate": false,
    "count": 0,
    "lang": "it",
    "updated": 0
  }
]