[
  {
    "id": "a98ff41d-2160-4344-a6fb-0152e59487c7",
    "data": [
      {
        "text": "Sto",
        "userDefined": false
      }
    ],
    "isTemplate": false,
    "count": 0,
    "lang": "it",
    "updated": 0
  },
  {
    "id": "b5f0d70d-1f25-40c5-88ad-3093f3b2e1f2",
    "data": [
      {
        "text": "Comincia",
        "userDefined": false
      }
    ],
    "isTemplate": false,
    "count": 0,
    "lang": "it",
    "updated": 0
  },
  {
    "id": "5f79fdbe-95b5-49f5-8bcf-deda4470bcb9",
    "data": [
      {
        "text": "Parti",
        "userDefined": false
      }
    ],
    "isTemplate": false,
    "count": 0,
    "lang": "it",
    "updated": 0
  },
  {
    "id": "e8f0a74e-4cbe-4c3f-bf1d-a36f65f5b49f",
    "data": [
      {
        "text": "Iniziamo",
        "userDefined": false
      }
    ],
    "isTemplate": false,
    "count": 0,
    "lang": "it",
    "updated": 0
  },
  {
    "id": "5979a4bf-09d7-4a3f-a4fc-e477123b9a08",
    "data": [
      {
        "text": "Inizia",
        "userDefined": false
      }
    ],
    "isTemplate": false,
    "count": 0,
    "lang": "it",
    "updated": 0
  },
  {
    "id": "be691d97-f700-4dea-af96-3b4d59e81f25",
    "data": [
      {
        "text": "Andiamo",
        "userDefined": false
      }
    ],
    "isTemplate": false,
    "count": 0,
    "lang": "it",
    "updated": 0
  },
  {
    "id": "a3e7312c-1543-4554-b021-6c6ebbeec43e",
    "data": [
      {
        "text": "Vai",
        "userDefined": false
      }
    ],
    "isTemplate": false,
    "count": 0,
    "lang": "it",
    "updated": 0
  },
  {
    "id": "563abcf3-31f0-4c1f-963d-d716c6044e52",
    "data": [
      {
        "text": "Partiamo",
        "userDefined": false
      }
    ],
    "isTemplate": false,
    "count": 0,
    "lang": "it",
    "updated": 0
  },
  {
    "id": "a24105b5-04ba-4ddd-b42e-ae050b1e7405",
    "data": [
      {
        "text": "Possiamo incominciare",
        "userDefined": false
      }
    ],
    "isTemplate": false,
    "count": 0,
    "lang": "it",
    "updated": 0
  },
  {
    "id": "d04192d6-623f-4dfc-863a-358ffc4f7832",
    "data": [
      {
        "text": "Iniziamo",
        "userDefined": false
      }
    ],
    "isTemplate": false,
    "count": 0,
    "lang": "it",
    "updated": 0
  },
  {
    "id": "edd89421-c065-4c3f-b1d3-3ee93883deec",
    "data": [
      {
        "text": "Ci sono",
        "userDefined": false
      }
    ],
    "isTemplate": false,
    "count": 0,
    "lang": "it",
    "updated": 0
  },
  {
    "id": "9cfbd0c2-8552-4a58-8399-60ab0d56d6b3",
    "data": [
      {
        "text": "Okay",
        "userDefined": false
      }
    ],
    "isTemplate": false,
    "count": 0,
    "lang": "it",
    "updated": 0
  },
  {
    "id": "61ca2d7d-26cc-4ea9-b21f-08bf6fd32672",
    "data": [
      {
        "text": "Ok",
        "userDefined": false
      }
    ],
    "isTemplate": false,
    "count": 0,
    "lang": "it",
    "updated": 0
  },
  {
    "id": "f51101e6-8ea6-4eef-b701-a82925e1de18",
    "data": [
      {
        "text": "Pronto",
        "userDefined": false
      }
    ],
    "isTemplate": false,
    "count": 0,
    "lang": "it",
    "updated": 0
  },
  {
    "id": "5f52448f-bbb0-4f41-9ae8-2cfb826d01e5",
    "data": [
      {
        "text": "Sono pronto",
        "userDefined": false
      }
    ],
    "isTemplate": false,
    "count": 0,
    "lang": "it",
    "updated": 0
  }
]