[
  {
    "id": "bcb68303-aefe-40be-8a75-db1a437562a8",
    "data": [
      {
        "text": "Si dai",
        "userDefined": false
      }
    ],
    "isTemplate": false,
    "count": 0,
    "lang": "it",
    "updated": 0
  },
  {
    "id": "84bb3ecb-cb33-4b6b-823a-f55584e4e2e6",
    "data": [
      {
        "text": "Ovvio che si",
        "userDefined": false
      }
    ],
    "isTemplate": false,
    "count": 0,
    "lang": "it",
    "updated": 0
  },
  {
    "id": "95eca795-abf1-458e-aa78-bf30c8d202c8",
    "data": [
      {
        "text": "Certo che si",
        "userDefined": false
      }
    ],
    "isTemplate": false,
    "count": 0,
    "lang": "it",
    "updated": 0
  },
  {
    "id": "d906f610-d7a5-4d59-a648-bf7d1f0cfa2b",
    "data": [
      {
        "text": "Ovviamente",
        "userDefined": false
      }
    ],
    "isTemplate": false,
    "count": 0,
    "lang": "it",
    "updated": 0
  },
  {
    "id": "2e6e7702-f0cd-4735-8d08-8d9385f1adce",
    "data": [
      {
        "text": "Ovvio",
        "userDefined": false
      }
    ],
    "isTemplate": false,
    "count": 0,
    "lang": "it",
    "updated": 0
  },
  {
    "id": "51bd6a2f-0182-436d-8efd-78c85c3f7b2f",
    "data": [
      {
        "text": "Certo",
        "userDefined": false
      }
    ],
    "isTemplate": false,
    "count": 0,
    "lang": "it",
    "updated": 0
  },
  {
    "id": "ec7038ac-cac8-4160-9fd7-602891bcfede",
    "data": [
      {
        "text": "si vai avanti",
        "userDefined": false
      }
    ],
    "isTemplate": false,
    "count": 0,
    "lang": "it",
    "updated": 0
  },
  {
    "id": "7410c6c1-a3ea-476c-8bb2-098ae5d4aac0",
    "data": [
      {
        "text": "si avanti",
        "userDefined": false
      }
    ],
    "isTemplate": false,
    "count": 0,
    "lang": "it",
    "updated": 0
  },
  {
    "id": "977f78bb-1232-40e3-8e1a-ef186e148c42",
    "data": [
      {
        "text": "si",
        "userDefined": false
      }
    ],
    "isTemplate": false,
    "count": 0,
    "lang": "it",
    "updated": 0
  },
  {
    "id": "6009470f-c441-4555-b652-91d6e2563e5a",
    "data": [
      {
        "text": "Vai avanti",
        "userDefined": false
      }
    ],
    "isTemplate": false,
    "count": 0,
    "lang": "it",
    "updated": 0
  },
  {
    "id": "910ce3cd-4210-46b6-9e14-fb47b5f5fb0f",
    "data": [
      {
        "text": "Continua",
        "userDefined": false
      }
    ],
    "isTemplate": false,
    "count": 0,
    "lang": "it",
    "updated": 0
  },
  {
    "id": "9bd089a1-2f59-4503-9bf5-126f79a66739",
    "data": [
      {
        "text": "Continuare",
        "userDefined": false
      }
    ],
    "isTemplate": false,
    "count": 0,
    "lang": "it",
    "updated": 0
  },
  {
    "id": "cbf9d542-b372-45f5-958c-95056f1201f4",
    "data": [
      {
        "text": "Sono pronto",
        "userDefined": false
      }
    ],
    "isTemplate": false,
    "count": 0,
    "lang": "it",
    "updated": 0
  },
  {
    "id": "fa31f5b5-7d6d-4e53-a6b6-5e4ca804dc20",
    "data": [
      {
        "text": "Ci sono",
        "userDefined": false
      }
    ],
    "isTemplate": false,
    "count": 0,
    "lang": "it",
    "updated": 0
  },
  {
    "id": "cf22ee7e-6c5e-483a-bdd3-aeeddeb2ea8c",
    "data": [
      {
        "text": "Andiamo avanti",
        "userDefined": false
      }
    ],
    "isTemplate": false,
    "count": 0,
    "lang": "it",
    "updated": 0
  },
  {
    "id": "dbabb524-8732-4a46-8de1-20ecbea2c1d0",
    "data": [
      {
        "text": "Perfetto",
        "userDefined": false
      }
    ],
    "isTemplate": false,
    "count": 0,
    "lang": "it",
    "updated": 0
  },
  {
    "id": "74b10e8c-6356-4075-9ec3-e55964945eb5",
    "data": [
      {
        "text": "Grazie",
        "userDefined": false
      }
    ],
    "isTemplate": false,
    "count": 0,
    "lang": "it",
    "updated": 0
  },
  {
    "id": "c38437a6-0ba1-42d8-b257-7309c7e74859",
    "data": [
      {
        "text": "Ok",
        "userDefined": false
      }
    ],
    "isTemplate": false,
    "count": 0,
    "lang": "it",
    "updated": 0
  },
  {
    "id": "be6ef144-aafc-45e1-ae31-72e03741ab42",
    "data": [
      {
        "text": "Ho finito.",
        "userDefined": false
      }
    ],
    "isTemplate": false,
    "count": 0,
    "lang": "it",
    "updated": 0
  }
]