[
  {
    "id": "eb313de5-6b11-4b11-8995-5e6d3c0de3b7",
    "data": [
      {
        "text": "si dai",
        "userDefined": false
      }
    ],
    "isTemplate": false,
    "count": 0,
    "lang": "it",
    "updated": 0
  },
  {
    "id": "bbd0e116-bbe4-4744-a34e-d5e222e38092",
    "data": [
      {
        "text": "Ovvio che si",
        "userDefined": false
      }
    ],
    "isTemplate": false,
    "count": 0,
    "lang": "it",
    "updated": 0
  },
  {
    "id": "c9f40b0f-7972-4354-9d68-0f91f6dcbee2",
    "data": [
      {
        "text": "Certo che si",
        "userDefined": false
      }
    ],
    "isTemplate": false,
    "count": 0,
    "lang": "it",
    "updated": 0
  },
  {
    "id": "9ddbe2cf-26bc-4d93-b9ae-199fe3de5a19",
    "data": [
      {
        "text": "Ovviamente",
        "userDefined": false
      }
    ],
    "isTemplate": false,
    "count": 0,
    "lang": "it",
    "updated": 0
  },
  {
    "id": "a0a65910-23b9-4195-8d63-fa01158637d0",
    "data": [
      {
        "text": "Ovvio",
        "userDefined": false
      }
    ],
    "isTemplate": false,
    "count": 0,
    "lang": "it",
    "updated": 0
  },
  {
    "id": "bebb9a00-73cc-4a92-baed-86a365f19a4e",
    "data": [
      {
        "text": "Certo",
        "userDefined": false
      }
    ],
    "isTemplate": false,
    "count": 0,
    "lang": "it",
    "updated": 0
  },
  {
    "id": "7dc9dfb2-9845-42ee-adec-6efc18b2060a",
    "data": [
      {
        "text": "si vai avanti",
        "userDefined": false
      }
    ],
    "isTemplate": false,
    "count": 0,
    "lang": "it",
    "updated": 0
  },
  {
    "id": "792b7f58-d210-4de4-83ad-a3528932b62f",
    "data": [
      {
        "text": "si avanti",
        "userDefined": false
      }
    ],
    "isTemplate": false,
    "count": 0,
    "lang": "it",
    "updated": 0
  },
  {
    "id": "7164eef2-a9da-4977-9d53-e1ae5e0ccafc",
    "data": [
      {
        "text": "si",
        "userDefined": false
      }
    ],
    "isTemplate": false,
    "count": 0,
    "lang": "it",
    "updated": 0
  },
  {
    "id": "d482e6b1-ec78-4013-a56f-89064f741c7c",
    "data": [
      {
        "text": "Ok",
        "userDefined": false
      }
    ],
    "isTemplate": false,
    "count": 0,
    "lang": "it",
    "updated": 0
  },
  {
    "id": "72e365c1-49be-4bed-bad4-b5d32e31c572",
    "data": [
      {
        "text": "Grazie",
        "userDefined": false
      }
    ],
    "isTemplate": false,
    "count": 0,
    "lang": "it",
    "updated": 0
  },
  {
    "id": "faf76c00-4ead-4421-b157-7de2cfdc4a96",
    "data": [
      {
        "text": "Perfetto",
        "userDefined": false
      }
    ],
    "isTemplate": false,
    "count": 0,
    "lang": "it",
    "updated": 0
  },
  {
    "id": "4b1bac9c-562b-46e6-b7ad-a7fee43ec591",
    "data": [
      {
        "text": "Andiamo avanti",
        "userDefined": false
      }
    ],
    "isTemplate": false,
    "count": 0,
    "lang": "it",
    "updated": 0
  },
  {
    "id": "f903fd43-a7ac-43db-9b65-0a1f41ef1e13",
    "data": [
      {
        "text": "Ci sono",
        "userDefined": false
      }
    ],
    "isTemplate": false,
    "count": 0,
    "lang": "it",
    "updated": 0
  },
  {
    "id": "50faa98a-b4c9-4e69-ba41-564e8e66dbc0",
    "data": [
      {
        "text": "Pronto",
        "userDefined": false
      }
    ],
    "isTemplate": false,
    "count": 0,
    "lang": "it",
    "updated": 0
  },
  {
    "id": "4f078769-2572-4759-a761-9adf54f4bd4a",
    "data": [
      {
        "text": "Sono pronto",
        "userDefined": false
      }
    ],
    "isTemplate": false,
    "count": 0,
    "lang": "it",
    "updated": 0
  },
  {
    "id": "e416e7a6-0936-43d9-8aed-3ee3e73fd3de",
    "data": [
      {
        "text": "Continuare",
        "userDefined": false
      }
    ],
    "isTemplate": false,
    "count": 0,
    "lang": "it",
    "updated": 0
  },
  {
    "id": "2b9efd1f-20a8-4c26-9ddc-be147c1b85d9",
    "data": [
      {
        "text": "Continuiamo",
        "userDefined": false
      }
    ],
    "isTemplate": false,
    "count": 0,
    "lang": "it",
    "updated": 0
  },
  {
    "id": "1ca0df7c-d130-4426-8501-0fac4fb95cc4",
    "data": [
      {
        "text": "Continua",
        "userDefined": false
      }
    ],
    "isTemplate": false,
    "count": 0,
    "lang": "it",
    "updated": 0
  },
  {
    "id": "6d8711bc-98db-42e0-a498-a76839cdf048",
    "data": [
      {
        "text": "Ho finito.",
        "userDefined": false
      }
    ],
    "isTemplate": false,
    "count": 0,
    "lang": "it",
    "updated": 0
  }
]