[
  {
    "id": "2d74ca7b-ccb7-4a0f-af45-f5bd78c465ce",
    "data": [
      {
        "text": "Si dai",
        "userDefined": false
      }
    ],
    "isTemplate": false,
    "count": 0,
    "lang": "it",
    "updated": 0
  },
  {
    "id": "68e43691-5d8a-4c7c-ba2e-e13ad34e7e7d",
    "data": [
      {
        "text": "Ovvio che si",
        "userDefined": false
      }
    ],
    "isTemplate": false,
    "count": 0,
    "lang": "it",
    "updated": 0
  },
  {
    "id": "d85a130d-ab68-4891-a1fe-5fe2c92f69bb",
    "data": [
      {
        "text": "Certo che si",
        "userDefined": false
      }
    ],
    "isTemplate": false,
    "count": 0,
    "lang": "it",
    "updated": 0
  },
  {
    "id": "2c0d5a70-ff56-4cb6-88ea-702b31aaef5b",
    "data": [
      {
        "text": "Ovviamente",
        "userDefined": false
      }
    ],
    "isTemplate": false,
    "count": 0,
    "lang": "it",
    "updated": 0
  },
  {
    "id": "703832ca-c5ad-445d-9ea4-27aeefc39946",
    "data": [
      {
        "text": "Ovvio",
        "userDefined": false
      }
    ],
    "isTemplate": false,
    "count": 0,
    "lang": "it",
    "updated": 0
  },
  {
    "id": "cbb62bef-cb19-4aa9-902f-13a51fe7fbb7",
    "data": [
      {
        "text": "Certo",
        "userDefined": false
      }
    ],
    "isTemplate": false,
    "count": 0,
    "lang": "it",
    "updated": 0
  },
  {
    "id": "50756a80-2782-43ec-bac0-8ab8de890914",
    "data": [
      {
        "text": "si vai avanti",
        "userDefined": false
      }
    ],
    "isTemplate": false,
    "count": 0,
    "lang": "it",
    "updated": 0
  },
  {
    "id": "1b69ad30-1d45-4825-ab73-ed80dad6f249",
    "data": [
      {
        "text": "si avanti",
        "userDefined": false
      }
    ],
    "isTemplate": false,
    "count": 0,
    "lang": "it",
    "updated": 0
  },
  {
    "id": "2c99986c-1cce-45a9-8efc-6ae99be01a55",
    "data": [
      {
        "text": "si",
        "userDefined": false
      }
    ],
    "isTemplate": false,
    "count": 0,
    "lang": "it",
    "updated": 0
  },
  {
    "id": "f9dcf164-f599-443b-b66c-21c9ac345906",
    "data": [
      {
        "text": "Andiamo avanti",
        "userDefined": false
      }
    ],
    "isTemplate": false,
    "count": 0,
    "lang": "it",
    "updated": 0
  },
  {
    "id": "fc82d474-dd5d-46ea-9281-0b698e16508d",
    "data": [
      {
        "text": "Vai avanti",
        "userDefined": false
      }
    ],
    "isTemplate": false,
    "count": 0,
    "lang": "it",
    "updated": 0
  },
  {
    "id": "0d3ad999-7e51-4e92-ab47-318ccec7b64e",
    "data": [
      {
        "text": "Continuare",
        "userDefined": false
      }
    ],
    "isTemplate": false,
    "count": 0,
    "lang": "it",
    "updated": 0
  },
  {
    "id": "3ebd1ad6-1f24-448c-b117-3dacf4c202b5",
    "data": [
      {
        "text": "Continuiamo",
        "userDefined": false
      }
    ],
    "isTemplate": false,
    "count": 0,
    "lang": "it",
    "updated": 0
  },
  {
    "id": "d1774bdf-763d-4410-be4d-65b25c275782",
    "data": [
      {
        "text": "Continua",
        "userDefined": false
      }
    ],
    "isTemplate": false,
    "count": 0,
    "lang": "it",
    "updated": 0
  },
  {
    "id": "dd18e82b-6f95-43b0-8e14-43daeedd4e84",
    "data": [
      {
        "text": "Avanti",
        "userDefined": false
      }
    ],
    "isTemplate": false,
    "count": 0,
    "lang": "it",
    "updated": 0
  },
  {
    "id": "f8132c8b-1e88-4eb1-bfb3-061195f80dea",
    "data": [
      {
        "text": "Prosegui",
        "userDefined": false
      }
    ],
    "isTemplate": false,
    "count": 0,
    "lang": "it",
    "updated": 0
  },
  {
    "id": "03e38d18-bb5e-484a-bbd3-89849ec324e0",
    "data": [
      {
        "text": "Ho finito.",
        "userDefined": false
      }
    ],
    "isTemplate": false,
    "count": 0,
    "lang": "it",
    "updated": 0
  }
]